{
	"101271": [
		[
			{
				"_Position": {
					"T": "V3",
					"x": 1.885539,
					"y": -3.063527,
					"z": -12.38938
				},
				"_Rotation": {
					"T": "Q",
					"x": 0,
					"y": 0.6632728,
					"z": 0,
					"w": 0.7483777
				}
			}
		]
	],
	"101270": [
		[
			{
				"_Position": {
					"T": "V3",
					"x": 3.904474,
					"y": 0.6722035,
					"z": -3.456984
				},
				"_Rotation": {
					"T": "Q",
					"x": 0,
					"y": -0.6177229,
					"z": 0,
					"w": 0.7863959
				}
			}
		]
	]
}