{
	"101270": [
		[
			{
				"_Position": {
					"T": "V3",
					"x": -0.9912984,
					"y": -3.499768,
					"z": -17.18976
				},
				"_Rotation": {
					"T": "Q",
					"x": 0,
					"y": -0.1865244,
					"z": 0,
					"w": -0.9824504
				}
			}
		]
	]
}